X,sample,DR_count,shannon_div,evenness,nei_div,EMPO_level1,EMPO_level2,EMPO_level3
1,ERR1989828,457,6.130281643,0.813426965,0.001768988,host_associated,animal,animal_secretion
2,ERR2182130,945,8.854600641,0.881937634,0.002292598,host_associated,animal,animal_surface
3,ERR2182131,1223,9.073444024,0.894721129,0.003227016,host_associated,animal,animal_surface
4,ERR2182132,1152,8.68108675,0.871116121,0.003776044,host_associated,animal,animal_surface
5,ERR2182133,1045,8.890925429,0.882610539,0.003839971,host_associated,animal,animal_surface
6,ERR2182134,1014,8.909208893,0.889862538,0.003723676,host_associated,animal,animal_surface
7,ERR2182135,1048,9.345926175,0.917360993,0.001985281,host_associated,animal,animal_surface
8,ERR2182136,926,9.158749539,0.888893651,0.002706996,host_associated,animal,animal_surface
9,ERR2182137,1064,9.401667329,0.914687012,0.002373513,host_associated,animal,animal_surface
10,ERR2182138,1166,9.216272849,0.908717025,0.003245839,host_associated,animal,animal_surface
11,ERR2182139,1306,9.644726254,0.925537759,0.002325683,host_associated,animal,animal_surface
12,ERR2182416,1268,9.355182604,0.918585621,0.002544686,host_associated,animal,animal_surface
13,ERR2182417,1400,9.007205446,0.89898033,0.002567136,host_associated,animal,animal_surface
14,ERR2182418,1365,9.639401846,0.927398028,0.002250462,host_associated,animal,animal_surface
15,ERR2182419,1281,9.554909328,0.924736819,0.002558447,host_associated,animal,animal_surface
16,ERR2182420,1267,9.486827299,0.922012591,0.002487007,host_associated,animal,animal_surface
17,ERR1299062,3055,8.65660911,0.905248708,0.005996418,host_associated,animal,distal_gut
18,ERR1299063,4154,8.535901263,0.897823275,0.006417265,host_associated,animal,distal_gut
19,ERR1299064,4205,8.62110215,0.902610103,0.006447105,host_associated,animal,distal_gut
20,ERR1299065,4685,8.661531809,0.904843309,0.006216874,host_associated,animal,distal_gut
21,ERR1299066,4055,8.781489951,0.902090901,0.009795428,host_associated,animal,distal_gut
22,ERR1414209,964,8.812015023,0.924376253,0.003855606,host_associated,animal,distal_gut
23,ERR1414210,1058,8.821516549,0.922182229,0.003866212,host_associated,animal,distal_gut
24,ERR1414211,1063,8.811879115,0.919717067,0.003539739,host_associated,animal,distal_gut
25,ERR1414212,779,8.512872884,0.942955918,0.002896452,host_associated,animal,distal_gut
26,ERR1414214,863,8.477546198,0.941051259,0.003032928,host_associated,animal,distal_gut
27,ERR1414216,1606,8.701253161,0.934831552,0.002971354,host_associated,animal,distal_gut
28,ERR1414217,1673,8.811514924,0.940337589,0.002549208,host_associated,animal,distal_gut
29,ERR1414219,1834,8.918852488,0.943442313,0.002620689,host_associated,animal,distal_gut
30,ERR1414230,810,8.296574518,0.930796317,0.003161909,host_associated,animal,distal_gut
31,ERR1414233,1366,8.471963342,0.932475182,0.00335603,host_associated,animal,distal_gut
32,ERR1414238,1134,8.477557409,0.893164033,0.003242309,host_associated,animal,distal_gut
33,ERR1414240,889,8.4793579,0.900864789,0.003469418,host_associated,animal,distal_gut
34,ERR1414241,937,8.579809881,0.903114594,0.003384712,host_associated,animal,distal_gut
35,ERR1414245,1006,8.33377652,0.892304294,0.00349997,host_associated,animal,distal_gut
36,ERR1414246,1061,8.276522288,0.884255129,0.003435272,host_associated,animal,distal_gut
37,ERR1414247,1094,8.460788321,0.891852328,0.003112157,host_associated,animal,distal_gut
38,ERR1414248,1196,8.482267442,0.892461381,0.003161837,host_associated,animal,distal_gut
39,ERR1414252,1012,8.600311496,0.907705724,0.00350563,host_associated,animal,distal_gut
40,ERR1414253,1020,8.438977772,0.892304125,0.003551683,host_associated,animal,distal_gut
41,ERR1414257,1052,7.718500199,0.896215982,0.002695059,host_associated,animal,distal_gut
42,ERR1414265,949,8.385914344,0.933043763,0.003041794,host_associated,animal,distal_gut
43,ERR1414267,913,8.807604736,0.927465683,0.003807355,host_associated,animal,distal_gut
44,ERR1543539,4639,7.441586162,0.799372874,0.001719492,host_associated,animal,distal_gut
45,ERR1543540,4501,7.311694178,0.79678695,0.001616251,host_associated,animal,distal_gut
46,ERR1543542,2437,8.870833254,0.890417223,0.004663814,host_associated,animal,distal_gut
47,ERR1543544,2856,7.419160908,0.818359685,0.001434925,host_associated,animal,distal_gut
48,ERR1543545,2137,8.736353276,0.884699938,0.00484667,host_associated,animal,distal_gut
49,ERR1543546,1838,8.938578553,0.898096747,0.004669902,host_associated,animal,distal_gut
50,ERR1543550,3236,7.193506921,0.807042681,0.001120248,host_associated,animal,distal_gut
51,ERR1543552,3634,7.203675148,0.801962277,0.00110916,host_associated,animal,distal_gut
52,ERR1543556,3441,7.21030628,0.802264141,0.001142154,host_associated,animal,distal_gut
53,ERR1543557,3448,7.235802257,0.803396982,0.001131849,host_associated,animal,distal_gut
54,ERR1543558,4127,7.267352241,0.796736504,0.001210322,host_associated,animal,distal_gut
55,ERR1543560,2474,9.527518922,0.924591028,0.004936194,host_associated,animal,distal_gut
56,ERR1543561,2149,9.543763239,0.926426676,0.004606122,host_associated,animal,distal_gut
57,ERR1543944,581,6.110559716,0.708739119,0.001704281,host_associated,animal,distal_gut
58,ERR1543950,2334,5.410497961,0.644108051,0.005089101,host_associated,animal,distal_gut
59,ERR1543952,1100,6.719789542,0.771156583,0.001134274,host_associated,animal,distal_gut
60,ERR1543953,445,7.160195951,0.827938552,0.001952461,host_associated,animal,distal_gut
61,ERR1543954,899,7.538559238,0.823290329,0.001028678,host_associated,animal,distal_gut
62,ERR1543973,368,8.68449181,0.898011858,0.001540959,host_associated,animal,distal_gut
63,ERR1543986,774,8.526318468,0.881598586,0.001678413,host_associated,animal,distal_gut
64,ERR1543995,375,7.994204212,0.880584455,0.0014941,host_associated,animal,distal_gut
65,ERR1744180,2130,8.897241193,0.891533256,0.002958499,host_associated,animal,distal_gut
66,ERR1744181,1353,8.236145078,0.840817542,0.00241543,host_associated,animal,distal_gut
67,ERR1744182,2018,6.986537288,0.842686116,0.000644167,host_associated,animal,distal_gut
68,ERR1744183,851,8.538566958,0.888398069,0.00217744,host_associated,animal,distal_gut
69,ERR1744184,1666,8.933064332,0.89730274,0.003445699,host_associated,animal,distal_gut
70,ERR1744185,663,8.604516274,0.892882561,0.002304441,host_associated,animal,distal_gut
71,ERR1744186,1358,8.700554895,0.877011174,0.004437405,host_associated,animal,distal_gut
72,ERR1744187,1249,8.843106744,0.885665849,0.003639509,host_associated,animal,distal_gut
73,ERR1744188,3861,8.576115283,0.877630532,0.003732099,host_associated,animal,distal_gut
74,ERR1744189,1378,8.892873143,0.894212875,0.002859635,host_associated,animal,distal_gut
75,ERR1823510,2185,8.092274338,0.87529233,0.004636856,host_associated,animal,distal_gut
76,ERR1823511,1869,7.785928268,0.854587817,0.003277307,host_associated,animal,distal_gut
77,ERR1823512,1875,8.230990434,0.897657173,0.004345106,host_associated,animal,distal_gut
78,ERR1901819,1013,8.447059924,0.927153995,0.003220631,host_associated,animal,distal_gut
79,ERR1901826,1128,8.577658122,0.936007933,0.003799171,host_associated,animal,distal_gut
80,ERR2241655,7159,8.338932506,0.835526823,0.002814177,host_associated,animal,distal_gut
81,ERR2241678,1791,9.730774659,0.925014482,0.003670326,host_associated,animal,distal_gut
82,ERR2241681,1538,10.11559548,0.923427904,0.006395349,host_associated,animal,distal_gut
83,ERR2241685,2483,10.1092745,0.944937182,0.003722407,host_associated,animal,distal_gut
84,ERR2241709,2411,9.505848272,0.921171905,0.004474267,host_associated,animal,distal_gut
85,ERR2241715,2499,9.575602183,0.925256332,0.004278783,host_associated,animal,distal_gut
86,ERR2241718,2264,10.00759464,0.942877613,0.003482451,host_associated,animal,distal_gut
87,ERR2241734,2657,8.539890424,0.846426684,0.002178223,host_associated,animal,distal_gut
88,ERR2241735,2228,8.831762893,0.844970287,0.002517405,host_associated,animal,distal_gut
89,ERR2241736,7180,8.734678864,0.830653933,0.002208778,host_associated,animal,distal_gut
90,ERR2241741,3076,9.00858455,0.868011466,0.003313254,host_associated,animal,distal_gut
91,ERR2241756,1343,9.066381545,0.866497967,0.00175738,host_associated,animal,distal_gut
92,ERR2241761,3196,8.785933677,0.857813446,0.002358361,host_associated,animal,distal_gut
93,ERR2241856,2377,10.05176395,0.917881116,0.003186868,host_associated,animal,distal_gut
94,ERR2241872,2306,9.941687253,0.936018204,0.003572699,host_associated,animal,distal_gut
95,ERR2241906,2328,8.531270649,0.849221928,0.002361421,host_associated,animal,distal_gut
96,ERR2241911,1782,8.978617273,0.880901623,0.001561975,host_associated,animal,distal_gut
97,ERR2241921,1821,9.42286479,0.897527578,0.00156867,host_associated,animal,distal_gut
98,ERR2241927,2027,9.706473849,0.897362195,0.002776269,host_associated,animal,distal_gut
99,ERR2241935,2746,9.605661122,0.90220061,0.001988634,host_associated,animal,distal_gut
100,ERR2241950,2264,9.276537323,0.887565355,0.002560741,host_associated,animal,distal_gut
101,ERR2241951,2629,9.705603033,0.929353144,0.003737654,host_associated,animal,distal_gut
102,ERR2241953,1604,8.916384046,0.879302035,0.00330527,host_associated,animal,distal_gut
103,ERR2241954,3778,9.159875931,0.863088737,0.002193698,host_associated,animal,distal_gut
104,ERR2241958,4687,9.912040867,0.92310837,0.003644741,host_associated,animal,distal_gut
105,ERR2241960,2901,10.14287528,0.940235901,0.003492649,host_associated,animal,distal_gut
106,ERR2241964,4301,9.408566098,0.903250574,0.003415869,host_associated,animal,distal_gut
107,ERR2241969,2696,10.01373326,0.937987038,0.003433354,host_associated,animal,distal_gut
108,ERR2241973,3464,9.806002508,0.918156231,0.003754732,host_associated,animal,distal_gut
109,ERR2241974,4067,10.19490199,0.939844716,0.003075605,host_associated,animal,distal_gut
110,ERR2241975,4925,9.221835025,0.878995821,0.004461019,host_associated,animal,distal_gut
111,ERR2241976,4297,9.83009144,0.923174901,0.003877866,host_associated,animal,distal_gut
112,ERR2241979,3460,8.377598974,0.832796972,0.002791554,host_associated,animal,distal_gut
113,ERR2241980,1439,9.99790783,0.912306822,0.004157935,host_associated,animal,distal_gut
114,ERR2241981,1402,8.09611587,0.820341106,0.002112741,host_associated,animal,distal_gut
115,ERR2241984,2566,9.031636743,0.874300658,0.002719355,host_associated,animal,distal_gut
116,ERR2241985,2076,9.509996123,0.893623438,0.003457964,host_associated,animal,distal_gut
117,ERR2245453,1317,10.06514151,0.918322391,0.006682491,host_associated,animal,distal_gut
118,ERR2245491,3376,9.904037758,0.922098695,0.003539345,host_associated,animal,distal_gut
119,ERR2245492,3744,10.19695289,0.937612903,0.002704441,host_associated,animal,distal_gut
120,ERR2245493,4703,9.37118177,0.886110058,0.004108317,host_associated,animal,distal_gut
121,ERR2245494,3841,9.919785927,0.925423593,0.003383237,host_associated,animal,distal_gut
122,ERR2282056,1265,7.629137625,0.845313682,0.003086853,host_associated,animal,distal_gut
123,ERR2348704,1044,7.336612987,0.854581233,0.00102937,host_associated,animal,distal_gut
124,ERR2355557,3219,6.643574523,0.708041308,0.002694046,host_associated,animal,distal_gut
125,ERR2355632,1023,8.188969464,0.850933834,0.00278282,host_associated,animal,distal_gut
126,ERR2355634,2895,5.876155036,0.663398316,0.003701391,host_associated,animal,distal_gut
127,ERR2355699,3393,6.5165356,0.680811757,0.002967721,host_associated,animal,distal_gut
128,ERR2359757,1011,7.747782244,0.859508215,0.002170582,host_associated,animal,distal_gut
129,ERR2359759,2782,7.000750978,0.798108309,0.001377098,host_associated,animal,distal_gut
130,ERR2359764,1399,8.095791447,0.852604202,0.00192221,host_associated,animal,distal_gut
131,ERR2359765,1968,8.124890478,0.851077025,0.002757828,host_associated,animal,distal_gut
132,ERR2359766,2156,6.354225952,0.74123901,0.002226161,host_associated,animal,distal_gut
133,ERR2359767,2273,6.128848225,0.709624165,0.002911487,host_associated,animal,distal_gut
134,ERR2359768,6674,7.433076212,0.771884793,0.003128897,host_associated,animal,distal_gut
135,ERR2359769,1067,7.49498909,0.839982531,0.002488157,host_associated,animal,distal_gut
136,ERR2359771,1154,7.405026746,0.849585741,0.001554125,host_associated,animal,distal_gut
137,ERR2359824,1190,7.663799093,0.86333567,0.001054459,host_associated,animal,distal_gut
138,ERR2359825,1480,7.493812123,0.829307823,0.002736075,host_associated,animal,distal_gut
139,ERR2360801,1669,7.305959224,0.822663149,0.001979005,host_associated,animal,distal_gut
140,ERR2360802,1587,8.002011541,0.826443483,0.003079126,host_associated,animal,distal_gut
141,ERR2380791,3770,7.862361679,0.826553708,0.002524733,host_associated,animal,distal_gut
142,ERR318676,1063,9.106363288,0.906648133,0.002341944,host_associated,animal,distal_gut
143,ERR318678,1648,8.913531325,0.894243124,0.002048978,host_associated,animal,distal_gut
144,ERR318679,1316,9.073698193,0.903431107,0.002143409,host_associated,animal,distal_gut
145,ERR318681,1230,9.049723899,0.906242146,0.002248325,host_associated,animal,distal_gut
146,ERR318682,2042,8.220013642,0.85099371,0.002121502,host_associated,animal,distal_gut
147,ERR318684,2045,8.185107736,0.846777766,0.002501579,host_associated,animal,distal_gut
148,ERR318685,1387,8.494501922,0.860870317,0.002025073,host_associated,animal,distal_gut
149,ERR318687,1937,8.519277265,0.863431072,0.002522036,host_associated,animal,distal_gut
150,ERR318688,1328,9.170197543,0.910927372,0.002265811,host_associated,animal,distal_gut
151,ERR318689,1342,9.002891667,0.898493898,0.002128435,host_associated,animal,distal_gut
152,ERR318690,1197,9.112422975,0.906895172,0.002245089,host_associated,animal,distal_gut
153,ERR318692,1293,9.052117475,0.904039248,0.002114393,host_associated,animal,distal_gut
154,ERR318693,1589,8.870344013,0.891424422,0.002522879,host_associated,animal,distal_gut
155,ERR318694,2398,8.459971357,0.860929746,0.002374129,host_associated,animal,distal_gut
156,ERR318696,1503,7.899762245,0.84788326,0.002248304,host_associated,animal,distal_gut
157,ERR318697,2111,7.50564023,0.822222404,0.002046028,host_associated,animal,distal_gut
158,ERR318700,1405,8.997573727,0.898833637,0.002328796,host_associated,animal,distal_gut
159,ERR318702,1589,8.889013799,0.892394226,0.002224725,host_associated,animal,distal_gut
160,ERR318704,1315,9.101562383,0.906764362,0.002202139,host_associated,animal,distal_gut
161,ERR318706,1555,8.573686488,0.884595543,0.002017287,host_associated,animal,distal_gut
162,ERR318709,1434,8.228424841,0.864963235,0.001816506,host_associated,animal,distal_gut
163,ERR537005,2067,8.064686247,0.835946719,0.003129851,host_associated,animal,distal_gut
164,ERR537006,2081,8.055384147,0.83593362,0.003075588,host_associated,animal,distal_gut
165,ERR537007,1523,8.069440043,0.846300632,0.003120761,host_associated,animal,distal_gut
166,ERR537008,1548,8.075502628,0.846571413,0.003169475,host_associated,animal,distal_gut
167,ERR537009,2390,8.651419212,0.872944992,0.003333662,host_associated,animal,distal_gut
168,ERR537010,2315,8.658435378,0.872878052,0.003264539,host_associated,animal,distal_gut
169,ERR537011,2295,8.586596273,0.872511645,0.003110699,host_associated,animal,distal_gut
170,ERR537012,2370,8.576803429,0.87097196,0.003120423,host_associated,animal,distal_gut
171,ERR864206,812,7.974496318,0.85105225,0.004306749,host_associated,animal,distal_gut
172,ERR864207,850,8.025391338,0.85197131,0.004048724,host_associated,animal,distal_gut
173,ERR864208,1005,8.224944799,0.870011422,0.003954541,host_associated,animal,distal_gut
174,ERR864209,1009,8.245600883,0.882201551,0.004491272,host_associated,animal,distal_gut
175,ERR864210,638,8.16774918,0.869789185,0.004195675,host_associated,animal,distal_gut
176,ERR1739731,896,8.393375268,0.912284623,0.002607008,free_living,saline,hypersaline
177,ERR1742997,525,8.243757879,0.929181253,0.002427509,free_living,saline,hypersaline
178,ERR1742998,337,8.238729114,0.929159332,0.002637046,free_living,saline,hypersaline
179,ERR1995156,1514,7.111056796,0.788989643,0.003488869,free_living,saline,surface_saline
180,ERR1995157,1344,7.087986722,0.790779734,0.003872943,free_living,saline,surface_saline
181,ERR1995158,1334,7.950969676,0.896492392,0.003142854,free_living,saline,surface_saline
182,ERR1995199,1644,8.532138484,0.922802321,0.003184367,free_living,saline,surface_saline
183,ERR1995201,3121,8.164019948,0.892423465,0.003125702,free_living,saline,surface_saline
184,ERR1995204,2120,10.74658948,0.964472255,0.003065268,free_living,saline,water_saline
185,ERR1995205,1852,10.81436032,0.96616261,0.003160055,free_living,saline,water_saline
186,ERR1995206,2095,10.76001733,0.964091609,0.003161445,free_living,saline,water_saline
187,ERR2143762,894,6.635166483,0.815862037,0.005385372,free_living,non_saline,sediment_nonsaline
188,ERR2143766,2853,6.771116032,0.810778617,0.003075393,free_living,non_saline,water_nonsaline
189,ERR2143767,2189,6.692434109,0.82102324,0.003440451,free_living,non_saline,water_nonsaline
190,ERR2143771,1285,4.153730875,0.524769193,0.012322472,free_living,non_saline,water_nonsaline
191,ERR2143775,4688,6.710790295,0.787689319,0.003711808,free_living,non_saline,water_nonsaline
192,ERR2143776,1095,5.999965394,0.791107054,0.005355648,free_living,non_saline,sediment_nonsaline
193,ERR2143777,4415,6.02950939,0.716260855,0.003806442,free_living,non_saline,water_nonsaline
194,ERR2143778,4530,5.998740009,0.720145562,0.003487714,free_living,non_saline,water_nonsaline
195,ERR2143779,786,7.764217059,0.875269081,0.001729457,free_living,non_saline,sediment_nonsaline
196,ERR2143780,2125,4.377798089,0.54482217,0.014520815,free_living,non_saline,sediment_nonsaline
197,ERR2143781,2500,4.442812517,0.522956939,0.009804112,free_living,non_saline,sediment_nonsaline
198,ERR2143788,3814,5.920150647,0.703658423,0.003557303,free_living,non_saline,water_nonsaline
199,ERR2143789,3094,5.746506625,0.697314356,0.002994766,free_living,non_saline,water_nonsaline
200,ERR2143790,349,6.781699083,0.893107453,0.003155533,free_living,non_saline,sediment_nonsaline
201,ERR2143792,3304,5.742040127,0.661954879,0.007661888,free_living,non_saline,water_nonsaline
202,ERR2143796,589,7.406406828,0.869746567,0.005080477,free_living,non_saline,sediment_nonsaline
203,ERR2143797,4772,6.506699381,0.771740652,0.003501886,free_living,non_saline,water_nonsaline
204,ERR1719932,1220,8.899659549,0.90353013,0.002628004,host_associated,animal,proximal_gut
205,ERR2583791,1157,8.373023336,0.918682962,0.002840983,free_living,saline,surface_saline
206,ERR2583792,1187,8.377853762,0.919435327,0.002829396,free_living,saline,surface_saline
207,ERR2583793,1442,7.835221035,0.917396447,0.002186439,free_living,saline,surface_saline
208,ERR2583794,1330,7.843137441,0.917737195,0.002097308,free_living,saline,surface_saline
209,ERR1743281,916,7.93182671,0.897353601,0.004039224,free_living,non_saline,sediment_nonsaline
210,ERR1743283,770,7.693889632,0.896745438,0.00384022,free_living,non_saline,sediment_nonsaline
211,ERR1743292,488,6.939433355,0.823900184,0.002907247,free_living,non_saline,sediment_nonsaline
212,ERR1743309,674,3.454810209,0.44865945,0.003584348,free_living,non_saline,sediment_nonsaline
213,ERR1743320,694,6.943406652,0.8752473,0.003824405,free_living,non_saline,sediment_nonsaline
214,ERR1743391,1072,5.640941082,0.681152078,0.008939974,free_living,non_saline,sediment_nonsaline
215,ERR1743392,987,6.996261471,0.813826945,0.006537007,free_living,non_saline,sediment_nonsaline
216,ERR1743393,607,7.316370705,0.866217728,0.00546143,free_living,non_saline,sediment_nonsaline
217,ERR1739691,2887,7.310570194,0.855888785,0.003060267,free_living,saline,surface_saline
218,ERR1739692,2041,7.653304437,0.893274491,0.003520015,free_living,saline,surface_saline
219,ERR1739693,3005,6.949471932,0.808054947,0.003073668,free_living,saline,surface_saline
220,ERR1739694,2130,7.393309811,0.871734207,0.002999709,free_living,saline,surface_saline
221,ERR1739695,1700,7.208401743,0.862531795,0.002945955,free_living,saline,surface_saline
222,ERR1739696,1788,7.537063535,0.888683996,0.003005832,free_living,saline,surface_saline
223,ERR1739697,3083,6.962574336,0.85407326,0.002363868,free_living,saline,surface_saline
224,ERR1739698,1303,6.591384378,0.812075313,0.001765799,free_living,saline,surface_saline
225,ERR1739699,1630,6.970924262,0.859820422,0.001761897,free_living,saline,surface_saline
226,ERR1777681,391,6.425070853,0.790543993,0.004862329,free_living,saline,sediment_saline
227,ERR1794058,572,7.540597127,0.906352557,0.005234215,free_living,saline,sediment_saline
228,ERR1794059,304,7.374263742,0.904733661,0.005164659,free_living,saline,sediment_saline
229,ERR688341,875,9.665966599,0.96625276,0.003444705,free_living,saline,sediment_saline
230,ERR688345,916,9.527677282,0.962725814,0.00293526,free_living,saline,sediment_saline
231,ERR1078374,1511,8.142520388,0.906862006,0.003070662,free_living,non_saline,surface_nonsaline
232,ERR1078377,1559,8.178133543,0.910102677,0.002565184,free_living,non_saline,surface_nonsaline
233,ERR1414254,1066,8.423103761,0.893190145,0.0036317,free_living,non_saline,distal_gut
234,ERR1414258,962,7.735395175,0.90118912,0.002204248,free_living,non_saline,distal_gut
235,ERR1414259,1066,8.226688812,0.931802832,0.002757226,free_living,non_saline,distal_gut
236,ERR1414260,1034,8.213791735,0.934257041,0.002653774,free_living,non_saline,distal_gut
237,ERR1414261,684,7.79307109,0.893720548,0.00323262,free_living,non_saline,distal_gut
238,ERR1414262,759,7.922502606,0.906645891,0.003178049,free_living,non_saline,distal_gut
239,ERR1414264,1052,8.106745385,0.917534665,0.002732562,free_living,non_saline,distal_gut
240,ERR1414266,743,8.450503051,0.940505023,0.002884549,free_living,non_saline,distal_gut
241,ERR1474558,1988,10.6418772,0.961928079,0.002293698,free_living,non_saline,water_nonsaline
242,ERR1745249,1984,6.171661789,0.784910897,0.010734036,free_living,non_saline,water_nonsaline
243,ERR1876141,1987,7.789350746,0.878116335,0.003017496,free_living,non_saline,water_nonsaline
244,ERR2583854,2086,8.485625138,0.906729024,0.00244004,free_living,non_saline,water_nonsaline
245,ERR2583855,1623,8.49976729,0.908248549,0.00228538,free_living,non_saline,water_nonsaline
246,ERR2583856,1901,7.811530733,0.895803975,0.00290481,free_living,non_saline,water_nonsaline
247,ERR2583857,1665,7.821891708,0.896707127,0.002973212,free_living,non_saline,water_nonsaline
248,ERR975001,1728,5.81092189,0.775480565,0.001569401,free_living,non_saline,surface_nonsaline
249,SRR3961733,628,NA,NA,NA,free_living,non_saline,water_nonsaline
255,SRR5469039,4619,NA,NA,NA,free_living,non_saline,water_nonsaline
258,SRR5641139,782,NA,NA,NA,free_living,non_saline,water_nonsaline
259,SRR5650808,2504,NA,NA,NA,free_living,non_saline,water_nonsaline
260,SRR5650826,1154,NA,NA,NA,free_living,non_saline,water_nonsaline
261,SRR6986902,4890,NA,NA,NA,free_living,non_saline,water_nonsaline
262,SRR6986903,2006,NA,NA,NA,free_living,non_saline,water_nonsaline
263,SRR6986904,3828,NA,NA,NA,free_living,non_saline,water_nonsaline
264,SRR7067823,1498,NA,NA,NA,free_living,non_saline,water_nonsaline
266,ERR1163070,1944,7.298533002,0.840664692,0.003368852,free_living,saline,water_saline
267,ERR1163071,1935,7.311871533,0.839738701,0.003353277,free_living,saline,water_saline
268,ERR1163082,2522,6.332505809,0.795299575,0.002201291,free_living,saline,water_saline
269,ERR1163083,2457,6.351245373,0.795518479,0.002404685,free_living,saline,water_saline
270,ERR1163084,2417,6.363276952,0.798641447,0.002253621,free_living,saline,water_saline
271,ERR1163085,2408,6.355045619,0.800828636,0.002320539,free_living,saline,water_saline
272,ERR1163086,2435,6.364138786,0.798299309,0.002346663,free_living,saline,water_saline
273,ERR1163094,2350,6.37061917,0.79949344,0.002623309,free_living,saline,water_saline
274,ERR1163125,1747,7.136391806,0.83392765,0.003521789,free_living,saline,water_saline
275,ERR1163126,1710,7.129692873,0.835171622,0.00355889,free_living,saline,water_saline
276,ERR1163129,1620,7.132080356,0.834194581,0.003375781,free_living,saline,water_saline
277,ERR1163135,1685,7.131629639,0.835763978,0.003550394,free_living,saline,water_saline
278,ERR1698980,4546,10.64095608,0.951249401,0.002860659,free_living,saline,water_saline
279,ERR1698987,2030,10.76391713,0.959801288,0.003471844,free_living,saline,water_saline
280,ERR1698991,2279,11.17595103,0.966827265,0.003021535,free_living,saline,water_saline
281,ERR1698995,988,11.12465788,0.970218401,0.002780007,free_living,saline,water_saline
282,ERR2094164,943,7.611406757,0.848055866,0.00326789,free_living,saline,water_saline
283,ERR2094166,825,8.249941167,0.895823293,0.003366013,free_living,saline,water_saline
284,ERR2094167,602,8.184007419,0.868929689,0.002425634,free_living,saline,water_saline
285,ERR2094168,768,8.97966801,0.933231875,0.003336586,free_living,saline,water_saline
286,ERR2094169,819,9.066811799,0.937173016,0.002718624,free_living,saline,water_saline
287,ERR2094170,913,7.61452747,0.848823294,0.003218121,free_living,saline,water_saline
288,ERR2094171,1032,8.870619593,0.849942421,0.003349523,free_living,saline,water_saline
289,ERR2094172,583,8.315017451,0.904016247,0.002722968,free_living,saline,water_saline
290,ERR2094173,724,7.860136787,0.855622186,0.002257713,free_living,saline,water_saline
291,ERR2094174,1347,7.562670382,0.837926723,0.002923025,free_living,saline,water_saline
292,ERR2094176,1513,10.30510658,0.958141844,0.00276578,free_living,saline,water_saline
293,ERR2281798,1620,7.159377552,0.855353097,0.001816133,free_living,saline,water_saline
294,ERR2281799,1677,7.150876103,0.854455734,0.001858826,free_living,saline,water_saline
295,ERR2281802,5364,7.264773488,0.847756943,0.001331572,free_living,saline,water_saline
296,ERR2281803,3337,7.424448228,0.867083893,0.001449391,free_living,saline,water_saline
297,ERR2281806,2234,7.310712565,0.858650523,0.001741533,free_living,saline,water_saline
298,ERR2281807,2060,7.44222509,0.869529462,0.001522369,free_living,saline,water_saline
299,ERR420345,1215,7.859909402,0.85810869,0.003167143,free_living,saline,water_saline
300,ERR420353,1121,7.833253072,0.882786377,0.003894137,free_living,saline,water_saline
301,ERR420354,1159,7.464957155,0.883719731,0.002237707,free_living,saline,water_saline
302,ERR420357,788,7.646536172,0.859689436,0.002948599,free_living,saline,water_saline
303,ERR420358,816,7.252469991,0.846678189,0.002228369,free_living,saline,water_saline
304,ERR537637,4219,6.412906575,0.695595815,0.003646874,free_living,saline,water_saline
305,ERR558441,2856,5.958120067,0.645926565,0.003527334,free_living,saline,water_saline
306,ERR558489,1511,6.393209731,0.69820606,0.003628056,free_living,saline,water_saline
307,ERR559527,1991,6.798327395,0.724022943,0.003988822,free_living,saline,water_saline
308,ERR559528,1463,6.180427852,0.680178717,0.003933157,free_living,saline,water_saline
309,ERR559529,2680,6.573496678,0.692322885,0.004353602,free_living,saline,water_saline
310,ERR694117,1080,7.47994033,0.857553613,0.002394461,free_living,saline,water_saline
311,ERR694118,939,7.456491425,0.85737895,0.002560364,free_living,saline,water_saline
312,ERR694126,927,7.48277389,0.85757465,0.002505149,free_living,saline,water_saline
313,ERR694136,1036,7.83397243,0.87849969,0.002393386,free_living,saline,water_saline
314,ERR694138,969,7.853722309,0.881539346,0.002285376,free_living,saline,water_saline
315,ERR694152,909,7.815717924,0.878183656,0.002414964,free_living,saline,water_saline
316,ERR694155,811,7.680900136,0.899471709,0.002796657,free_living,saline,water_saline
317,ERR694157,830,7.680546141,0.899471472,0.002824232,free_living,saline,water_saline
318,ERR694159,769,7.681684909,0.898600534,0.002881821,free_living,saline,water_saline
319,ERR694161,820,7.689591503,0.899301377,0.002796258,free_living,saline,water_saline
320,ERR694163,782,7.705549993,0.901453602,0.002623161,free_living,saline,water_saline
321,ERR694164,754,7.739168857,0.905819078,0.002594743,free_living,saline,water_saline
322,ERR694172,794,7.707592641,0.900372975,0.00250836,free_living,saline,water_saline
323,ERR694175,815,7.689465357,0.901387221,0.002767258,free_living,saline,water_saline
324,ERR694178,738,8.485892032,0.937832448,0.00329823,free_living,saline,water_saline
325,ERR694180,739,8.476522247,0.937334242,0.002986727,free_living,saline,water_saline
326,ERR694187,692,8.436911698,0.939557139,0.003392071,free_living,saline,water_saline
327,ERR694202,1226,6.920488182,0.830154033,0.002946359,free_living,saline,water_saline
328,ERR694206,1090,6.916970123,0.828290136,0.003041212,free_living,saline,water_saline
329,ERR694210,1404,7.349622694,0.855022919,0.003016313,free_living,saline,water_saline
330,ERR694213,1412,7.343647408,0.855437864,0.002692841,free_living,saline,water_saline
331,ERR845264,850,7.384029522,0.886963727,0.002820538,free_living,saline,water_saline
332,ERR845265,1165,10.63208956,0.951328948,0.003010366,free_living,saline,water_saline
